<prezi xsi:schemaLocation="http://prezi.com/schema/prezi/2 http://prezi.com/schema/prezi/2" xmlns:xsi="http://www.w3.org/2001/XMLSchema-instance" version="2" xmlns="http://prezi.com/schema/prezi/2"><xFields><xField name="preziType"><xEnum type="PreziType" value="converted-from-core"/></xField></xFields><background><background><layers><array><backgroundImage><assetSourceFilename><string value="BG hills.png"/></assetSourceFilename><depth><double value="16.136583584742585"/></depth><fadeScale><double value="0.1363361698247042"/></fadeScale><height><double value="1080"/></height><localToWorld><transform2D x="1050.4825407459184" y="-2622.137953700421" scale="32.57348691953457" rotation="0"/></localToWorld><onlineAssetId><string value="4188627113"/></onlineAssetId><onlineAssetUrl><string value="http://0103.static.prezi.com.s3.amazonaws.com/media/b/2/1/4e4fa8aba319ab07effbfdb7f3091f8ee3d3c.png"/></onlineAssetUrl><width><double value="1920"/></width></backgroundImage></array></layers></background></background><documentStyle><documentStyle><fontClasses><array><fontClass><fontFamily><string value="DFMingV"/></fontFamily><name><string value="body"/></name></fontClass><fontClass><fontFamily><string value="Arimo"/></fontFamily><name><string value="custom-arimo"/></name></fontClass><fontClass><fontFamily><string value="Comfortaa"/></fontFamily><name><string value="custom-comfortaa"/></name></fontClass><fontClass><fontFamily><string value="migmix-2p-bold"/></fontFamily><name><string value="head"/></name></fontClass><fontClass><fontFamily><string value="migmix-2p-regular"/></fontFamily><name><string value="strong"/></name></fontClass></array></fontClasses><fontFamilies><array><fontFamily><fontFaces><array><fontFace><fontSrc><string value="Arimo-Regular.keg"/></fontSrc></fontFace><fontFace><fontSrc><string value="Arimo-BoldItalic.keg"/></fontSrc><fontStyle><fontStyle value="italic"/></fontStyle><fontWeight><fontWeight value="bold"/></fontWeight></fontFace><fontFace><fontSrc><string value="Arimo-Italic.keg"/></fontSrc><fontStyle><fontStyle value="italic"/></fontStyle></fontFace><fontFace><fontSrc><string value="Arimo-Bold.keg"/></fontSrc><fontWeight><fontWeight value="bold"/></fontWeight></fontFace></array></fontFaces><name><string value="Arimo"/></name></fontFamily><fontFamily><fontFaces><array><fontFace><fontSrc><string value="Comfortaa-Regular.keg"/></fontSrc></fontFace><fontFace><fontSrc><string value="Comfortaa-Bold.keg"/></fontSrc><fontWeight><fontWeight value="bold"/></fontWeight></fontFace></array></fontFaces><name><string value="Comfortaa"/></name></fontFamily><fontFamily><fontFaces><array><fontFace><fontSrc><string value="DFMingV.keg"/></fontSrc></fontFace></array></fontFaces><name><string value="DFMingV"/></name></fontFamily><fontFamily><fontFaces><array><fontFace><fontSrc><string value="migmix-2p-bold.keg"/></fontSrc></fontFace></array></fontFaces><name><string value="migmix-2p-bold"/></name></fontFamily><fontFamily><fontFaces><array><fontFace><fontSrc><string value="migmix-2p-regular.keg"/></fontSrc></fontFace></array></fontFaces><name><string value="migmix-2p-regular"/></name></fontFamily></array></fontFamilies><styleDeclarations><array><styleDeclaration><styleBlock><styleBlock><gradEndAlpha><double value="0.7"/></gradEndAlpha><gradStartAlpha><double value="0.5"/></gradStartAlpha></styleBlock></styleBlock><styleSelector><simpleSelector value="zCircle"/></styleSelector></styleDeclaration><styleDeclaration><styleBlock><styleBlock><color><color value="#564949"/></color><fillType><fillType value="linear"/></fillType><gradEndColor><color value="#564949"/></gradEndColor><gradStartColor><color value="#564949"/></gradStartColor></styleBlock></styleBlock><styleSelector><simpleSelector value="*.line1"/></styleSelector></styleDeclaration><styleDeclaration><styleBlock><styleBlock><color><color value="#47CD8F"/></color><fillType><fillType value="linear"/></fillType><gradEndColor><color value="#47CD8F"/></gradEndColor><gradStartColor><color value="#638AB3"/></gradStartColor></styleBlock></styleBlock><styleSelector><simpleSelector value="*.line2"/></styleSelector></styleDeclaration><styleDeclaration><styleBlock><styleBlock><color><color value="#D34232"/></color><fillType><fillType value="linear"/></fillType><gradEndColor><color value="#D34232"/></gradEndColor><gradStartColor><color value="#FA6000"/></gradStartColor></styleBlock></styleBlock><styleSelector><simpleSelector value="*.line3"/></styleSelector></styleDeclaration><styleDeclaration><styleBlock><styleBlock><color><color value="#4399C4"/></color><fillType><fillType value="linear"/></fillType><gradEndColor><color value="#4399C4"/></gradEndColor><gradStartColor><color value="#368CB7"/></gradStartColor></styleBlock></styleBlock><styleSelector><simpleSelector value="*.line4"/></styleSelector></styleDeclaration><styleDeclaration><styleBlock><styleBlock><color><color value="#CB5748"/></color><fillType><fillType value="linear"/></fillType><gradEndColor><color value="#CB5748"/></gradEndColor><gradStartColor><color value="#E99871"/></gradStartColor></styleBlock></styleBlock><styleSelector><simpleSelector value="*.line5"/></styleSelector></styleDeclaration><styleDeclaration><styleBlock><styleBlock><color><color value="#FFF9E1"/></color><fillType><fillType value="linear"/></fillType><gradEndColor><color value="#564949"/></gradEndColor><gradStartColor><color value="#564949"/></gradStartColor></styleBlock></styleBlock><styleSelector><simpleSelector value="*.poly1"/></styleSelector></styleDeclaration><styleDeclaration><styleBlock><styleBlock><fillType><fillType value="linear"/></fillType><gradEndColor><color value="#47CD8F"/></gradEndColor><gradStartColor><color value="#638AB3"/></gradStartColor></styleBlock></styleBlock><styleSelector><simpleSelector value="*.poly2"/></styleSelector></styleDeclaration><styleDeclaration><styleBlock><styleBlock><fillType><fillType value="linear"/></fillType><gradEndColor><color value="#D34232"/></gradEndColor><gradStartColor><color value="#FA6000"/></gradStartColor></styleBlock></styleBlock><styleSelector><simpleSelector value="*.poly3"/></styleSelector></styleDeclaration><styleDeclaration><styleBlock><styleBlock><fillType><fillType value="linear"/></fillType><gradEndColor><color value="#4399C4"/></gradEndColor><gradStartColor><color value="#368CB7"/></gradStartColor></styleBlock></styleBlock><styleSelector><simpleSelector value="*.poly4"/></styleSelector></styleDeclaration><styleDeclaration><styleBlock><styleBlock><fillType><fillType value="linear"/></fillType><gradEndColor><color value="#CB5748"/></gradEndColor><gradStartColor><color value="#E99871"/></gradStartColor></styleBlock></styleBlock><styleSelector><simpleSelector value="*.poly5"/></styleSelector></styleDeclaration><styleDeclaration><styleBlock><styleBlock><fillType><fillType value="linear"/></fillType><gradEndColor><color value="#FFF9E1"/></gradEndColor><gradStartColor><color value="#FFF9E1"/></gradStartColor></styleBlock></styleBlock><styleSelector><simpleSelector value="background"/></styleSelector></styleDeclaration><styleDeclaration><styleBlock><styleBlock><borderAlpha><double value="0"/></borderAlpha><borderThickness><double value="0"/></borderThickness><fillType><fillType value="linear"/></fillType><gradEndAlpha><double value="1"/></gradEndAlpha><gradEndColor><color value="#FFFFFF"/></gradEndColor><gradStartAlpha><double value="1"/></gradStartAlpha><gradStartColor><color value="#FFFFFF"/></gradStartColor><thickness><double value="10"/></thickness></styleBlock></styleBlock><styleSelector><simpleSelector value="zArrow"/></styleSelector></styleDeclaration><styleDeclaration><styleBlock><styleBlock><borderAlpha><double value="0"/></borderAlpha><gradEndAlpha><double value="1"/></gradEndAlpha><gradStartAlpha><double value="1"/></gradStartAlpha><radius><double value="0"/></radius><thickness><double value="100"/></thickness></styleBlock></styleBlock><styleSelector><simpleSelector value="zCircle"/></styleSelector></styleDeclaration><styleDeclaration><styleBlock><styleBlock><color><color value="#FFFFFF"/></color></styleBlock></styleBlock><styleSelector><simpleSelector value="zPencil"/></styleSelector></styleDeclaration><styleDeclaration><styleBlock><styleBlock><borderAlpha><double value="0"/></borderAlpha><borderColor><color value="#00FFF3"/></borderColor><borderThickness><double value="3"/></borderThickness><fillType><fillType value="linear"/></fillType><gradEndAlpha><double value="0.9"/></gradEndAlpha><gradEndColor><color value="#4D9FC7"/></gradEndColor><gradStartAlpha><double value="0.8"/></gradStartAlpha><gradStartColor><color value="#81B8D5"/></gradStartColor><padding><double value="1.03"/></padding><thickness><double value="8"/></thickness></styleBlock></styleBlock><styleSelector><simpleSelector value="zBracketFrame"/></styleSelector></styleDeclaration><styleDeclaration><styleBlock><styleBlock><borderAlpha><double value="0"/></borderAlpha><borderColor><color value="#00FFF3"/></borderColor><borderThickness><double value="3"/></borderThickness><fillType><fillType value="linear"/></fillType><gradEndAlpha><double value="0.9"/></gradEndAlpha><gradEndColor><color value="#4D9FC7"/></gradEndColor><gradStartAlpha><double value="0.8"/></gradStartAlpha><gradStartColor><color value="#81B8D5"/></gradStartColor><padding><double value="1.03"/></padding><thickness><double value="8"/></thickness></styleBlock></styleBlock><styleSelector><simpleSelector value="zCircleFrame"/></styleSelector></styleDeclaration><styleDeclaration><styleBlock><styleBlock><borderAlpha><double value="0"/></borderAlpha><borderColor><color value="#318BFF"/></borderColor><borderThickness><double value="10"/></borderThickness><fillType><fillType value="linear"/></fillType><gradEndAlpha><double value="0.2"/></gradEndAlpha><gradEndColor><color value="#318BFF"/></gradEndColor><gradStartAlpha><double value="0"/></gradStartAlpha><gradStartColor><color value="#318BFF"/></gradStartColor><padding><double value="1.03"/></padding><radius><double value="50"/></radius><thickness><double value="3"/></thickness></styleBlock></styleBlock><styleSelector><simpleSelector value="zRectangleFrame"/></styleSelector></styleDeclaration><styleDeclaration><styleBlock><styleBlock><padding><double value="1.2"/></padding></styleBlock></styleBlock><styleSelector><simpleSelector value="zText"/></styleSelector></styleDeclaration><styleDeclaration><styleBlock><styleBlock><color><color value="#564949"/></color><fontClass><string value="body"/></fontClass></styleBlock></styleBlock><styleSelector><simpleSelector value="zText.body"/></styleSelector></styleDeclaration><styleDeclaration><styleBlock><styleBlock><backgroundAlpha><double value="0.9"/></backgroundAlpha><backgroundColor><color value="#E4E4DD"/></backgroundColor><backgroundPadding><double value="6"/></backgroundPadding></styleBlock></styleBlock><styleSelector><simpleSelector value="zText.body-background"/></styleSelector></styleDeclaration><styleDeclaration><styleBlock><styleBlock><color><color value="#564949"/></color><fontClass><string value="head"/></fontClass></styleBlock></styleBlock><styleSelector><simpleSelector value="zText.title"/></styleSelector></styleDeclaration><styleDeclaration><styleBlock><styleBlock><backgroundAlpha><double value="0.9"/></backgroundAlpha><backgroundColor><color value="#9FD4F9"/></backgroundColor><backgroundPadding><double value="6"/></backgroundPadding></styleBlock></styleBlock><styleSelector><simpleSelector value="zText.title-background"/></styleSelector></styleDeclaration><styleDeclaration><styleBlock><styleBlock><color><color value="#E95520"/></color><fontClass><string value="strong"/></fontClass></styleBlock></styleBlock><styleSelector><simpleSelector value="zText.subtitle"/></styleSelector></styleDeclaration><styleDeclaration><styleBlock><styleBlock><backgroundAlpha><double value="0.9"/></backgroundAlpha><backgroundColor><color value="#9FD4BE"/></backgroundColor><backgroundPadding><double value="6"/></backgroundPadding></styleBlock></styleBlock><styleSelector><simpleSelector value="zText.subtitle-background"/></styleSelector></styleDeclaration><styleDeclaration><styleBlock><styleBlock><alpha><double value="0.65"/></alpha><color><color value="#F0EA82"/></color></styleBlock></styleBlock><styleSelector><simpleSelector value="zMarker"/></styleSelector></styleDeclaration><styleDeclaration><styleBlock><styleBlock><borderAlpha><double value="0"/></borderAlpha><gradEndAlpha><double value="1"/></gradEndAlpha><gradStartAlpha><double value="1"/></gradStartAlpha><radius><double value="0"/></radius><thickness><double value="100"/></thickness></styleBlock></styleBlock><styleSelector><simpleSelector value="zTriangle"/></styleSelector></styleDeclaration><styleDeclaration><styleBlock><styleBlock><borderAlpha><double value="0"/></borderAlpha><gradEndAlpha><double value="1"/></gradEndAlpha><gradStartAlpha><double value="1"/></gradStartAlpha><radius><double value="0"/></radius><thickness><double value="100"/></thickness></styleBlock></styleBlock><styleSelector><simpleSelector value="zSquare"/></styleSelector></styleDeclaration><styleDeclaration><styleBlock><styleBlock><fontClass><string value="custom-arimo"/></fontClass></styleBlock></styleBlock><styleSelector><simpleSelector value="#12_4"/></styleSelector></styleDeclaration><styleDeclaration><styleBlock><styleBlock><borderColor><color value="#564949"/></borderColor><thickness><double value="8"/></thickness></styleBlock></styleBlock><styleSelector><simpleSelector value="#132_204333831"/></styleSelector></styleDeclaration><styleDeclaration><styleBlock><styleBlock><borderColor><color value="#564949"/></borderColor><thickness><double value="8"/></thickness></styleBlock></styleBlock><styleSelector><simpleSelector value="#134_204333831"/></styleSelector></styleDeclaration><styleDeclaration><styleBlock><styleBlock><borderColor><color value="#564949"/></borderColor><thickness><double value="8"/></thickness></styleBlock></styleBlock><styleSelector><simpleSelector value="#136_204333831"/></styleSelector></styleDeclaration><styleDeclaration><styleBlock><styleBlock><fontClass><string value="custom-comfortaa"/></fontClass></styleBlock></styleBlock><styleSelector><simpleSelector value="#144_204333831"/></styleSelector></styleDeclaration><styleDeclaration><styleBlock><styleBlock><borderColor><color value="#564949"/></borderColor><thickness><double value="8"/></thickness></styleBlock></styleBlock><styleSelector><simpleSelector value="#19_204333831"/></styleSelector></styleDeclaration></array></styleDeclarations></documentStyle></documentStyle><path><array><flyToObject><target><ref value="0"/></target></flyToObject><flyToObject><target><ref value="6_204333831"/></target></flyToObject><flyToObject><target><ref value="21"/></target></flyToObject><flyToObject><target><ref value="18"/></target></flyToObject><flyToObject><target><ref value="12_204333831"/></target></flyToObject><flyToObject><target><ref value="0"/></target></flyToObject><flyToObject><target><ref value="0_24309637"/></target></flyToObject><flyToObject><target><ref value="9_204333831"/></target></flyToObject><flyToObject><target><ref value="130_204333831"/></target></flyToObject><flyToObject><target><ref value="133_204333831"/></target></flyToObject><flyToObject><target><ref value="131_204333831"/></target></flyToObject><flyToObject><target><ref value="17_204333831"/></target></flyToObject><flyToObject><target><ref value="135_204333831"/></target></flyToObject><flyToObject><target><ref value="143_204333831"/></target></flyToObject><flyToObject><target><ref value="0"/></target></flyToObject><flyToObject><target><ref value="172_204333831"/></target></flyToObject><flyToObject><target><ref value="0"/></target></flyToObject><flyToObject><target><ref value="0_204963981"/></target></flyToObject></array></path><zObjects><array><zInvisibleFrame><height><double value="600"/></height><id><string value="0"/></id><localToWorld><transform2D x="-7.742904684899862E-13" y="-305.452115664443" scale="47.09947102579223" rotation="0"/></localToWorld><styleClasses><array><token value="invisible"/></array></styleClasses><width><double value="1074.6268656716418"/></width></zInvisibleFrame><zCircleFrame><height><double value="800"/></height><id><string value="0_24309637"/></id><localToWorld><transform2D x="-13263.187691588892" y="-5288.545288094142" scale="10.616239652963552" rotation="0"/></localToWorld><styleClasses><array><token value="circle"/></array></styleClasses><width><double value="800"/></width></zCircleFrame><zText><id><string value="12_4"/></id><localToWorld><transform2D x="-13264.361917921782" y="-8666.823822307426" scale="32.16799352099233" rotation="0"/></localToWorld><styleClasses><array><token value="subtitle"/></array></styleClasses><text><text><width>220.4993900181616</width><p align="center"><span><![CDATA[outline]]></span></p></text></text></zText><zText><id><string value="25_4"/></id><localToWorld><transform2D x="-12339.170280725257" y="-5277.735929289464" scale="17.275518208767497" rotation="0"/></localToWorld><styleClasses><array><token value="subtitle"/></array></styleClasses><text><text><width>286.57303319048583</width><p/><p indent="1" listType="bullet"><span color="3355443"><![CDATA[專案緣起]]></span></p><p/><p indent="1" listType="bullet"><span color="3355443"><![CDATA[功能架構]]></span></p><p/><p indent="1" listType="bullet"><span color="3355443"><![CDATA[Use Case Diagram]]></span></p><p/><p indent="1" listType="bullet"><span color="3355443"><![CDATA[Data Model]]></span></p><p/><p indent="1" listType="bullet"><span color="3355443"><![CDATA[技術規格]]></span></p></text></text></zText><zSwfGraphics><assetSourceFilename><string value="w1.swf"/></assetSourceFilename><height><double value="568"/></height><id><string value="8"/></id><localToWorld><transform2D x="-1404.7160452247583" y="5755.732763937152" scale="24.05278151974806" rotation="0"/></localToWorld><onlineAssetId><string value="4188630530"/></onlineAssetId><onlineAssetUrl><string value="http://0103.static.prezi.com.s3.amazonaws.com/media/6/a/f/db8609a75edd2709c187a8ab60578c7c5e265.swf"/></onlineAssetUrl><width><double value="420"/></width></zSwfGraphics><zSwfGraphics><assetSourceFilename><string value="libi.swf"/></assetSourceFilename><height><double value="29"/></height><id><string value="12"/></id><localToWorld><transform2D x="1083.7824995818505" y="-1814.8212627246198" scale="20.979995654640664" rotation="0"/></localToWorld><onlineAssetId><string value="4188630545"/></onlineAssetId><onlineAssetUrl><string value="http://0103.static.prezi.com.s3.amazonaws.com/media/a/9/8/634dce41f863f6d841ecd2f35506654f39540.swf"/></onlineAssetUrl><width><double value="998"/></width></zSwfGraphics><zSwfGraphics><assetSourceFilename><string value="ball.swf"/></assetSourceFilename><height><double value="117"/></height><id><string value="9"/></id><localToWorld><transform2D x="2735.1044809700666" y="-4365.326718783667" scale="21.711388670244137" rotation="0"/></localToWorld><onlineAssetId><string value="4188630539"/></onlineAssetId><onlineAssetUrl><string value="http://0103.static.prezi.com.s3.amazonaws.com/media/f/d/9/df5def18497081895086cce007231e32d83fa.swf"/></onlineAssetUrl><width><double value="117"/></width></zSwfGraphics><zCircleFrame><height><double value="800"/></height><id><string value="6_204333831"/></id><localToWorld><transform2D x="13266.847025436358" y="-8041.509809480959" scale="9.224409284822974" rotation="0"/></localToWorld><styleClasses><array><token value="circle"/></array></styleClasses><width><double value="800"/></width></zCircleFrame><zCircleFrame><height><double value="800"/></height><id><string value="18"/></id><localToWorld><transform2D x="15650.493281152556" y="-8469.385863283682" scale="3.359562459615251" rotation="0"/></localToWorld><styleClasses><array><token value="circle"/></array></styleClasses><width><double value="800"/></width></zCircleFrame><zImage><assetSourceFilename><string value="11040960_10207902121616817_8882972225343461766_n.jpg"/></assetSourceFilename><height><double value="440"/></height><id><string value="13_204333831"/></id><localToWorld><transform2D x="15082.815309500971" y="-7927.490971925994" scale="1.4871731027084814" rotation="0"/></localToWorld><onlineAssetId><string value="4578128372"/></onlineAssetId><onlineAssetUrl><string value="http://0103.static.prezi.com.s3.amazonaws.com/media/b/2/c/5fa1eca59037cbfb5ae7491634cddff0827d9.jpg"/></onlineAssetUrl><width><double value="440"/></width></zImage><zText><id><string value="20"/></id><localToWorld><transform2D x="15845.941256885058" y="-8479.454973123615" scale="6.10777942115655" rotation="0"/></localToWorld><styleClasses><array><token value="subtitle"/></array></styleClasses><text><text><width>467.3265421198816</width><p><span color="3355443"><![CDATA[藍梓昂 : 負責員工管理,套餐設定]]></span></p><p/><p><span color="3355443"><![CDATA[林星妤 : 負責折扣設定,食物設定,營運報表]]></span></p><p/></text></text></zText><zCircleFrame><height><double value="800"/></height><id><string value="21"/></id><localToWorld><transform2D x="11771.088507749226" y="-6907.1127282501675" scale="4.011987908608969" rotation="0"/></localToWorld><styleClasses><array><token value="circle"/></array></styleClasses><width><double value="800"/></width></zCircleFrame><zImage><assetSourceFilename><string value="Picture1.png"/></assetSourceFilename><height><double value="429"/></height><id><string value="1_204333831"/></id><localToWorld><transform2D x="11067.269061374845" y="-6221.074416277403" scale="1.8197583544004556" rotation="0"/></localToWorld><onlineAssetId><string value="4579962935"/></onlineAssetId><onlineAssetUrl><string value="http://0103.static.prezi.com.s3.amazonaws.com/media/5/d/c/f028831827469ea8dbfc531ca88b1c0bd9c30.png"/></onlineAssetUrl><width><double value="325"/></width></zImage><zImage><assetSourceFilename><string value="16050122-1.jpg"/></assetSourceFilename><height><double value="531"/></height><id><string value="0_204333831"/></id><localToWorld><transform2D x="12373.00827350512" y="-7683.15768764055" scale="1.4702000961187012" rotation="0"/></localToWorld><onlineAssetId><string value="4579962900"/></onlineAssetId><onlineAssetUrl><string value="http://0103.static.prezi.com.s3.amazonaws.com/media/e/3/6/df488858167f9f8ad9467184f4942f0f682e4.jpg"/></onlineAssetUrl><width><double value="402"/></width></zImage><zText><id><string value="22"/></id><localToWorld><transform2D x="11771.231720749038" y="-7988.380792912715" scale="8.844719175398579" rotation="0"/></localToWorld><styleClasses><array><token value="subtitle"/></array></styleClasses><text><text><width>220.4993900181616</width><p align="center"><span><![CDATA[組員介紹]]></span></p></text></text></zText><zText><id><string value="23"/></id><localToWorld><transform2D x="11861.005419424662" y="-6795.096944159514" scale="7.434086578562802" rotation="0"/></localToWorld><styleClasses><array><token value="subtitle"/></array></styleClasses><text><text><width>390.9237784827681</width><p><span color="3355443"><![CDATA[沈宣武 : 負責登入功能,出餐管理]]></span></p><p/><p><span color="3355443"><![CDATA[蔡鎮嶸 : 負責Android app點餐系統]]></span></p><p/></text></text></zText><zText><id><string value="39_30863873"/></id><localToWorld><transform2D x="-149.48545804599524" y="-11256.796814622843" scale="77.2792708234353" rotation="0"/></localToWorld><styleClasses><array><token value="title"/></array></styleClasses><text><text><width>407.6761276173612</width><p align="center"><span><![CDATA[鴻揚科技有限公司]]></span></p></text></text></zText><zText><id><string value="40_30863873"/></id><localToWorld><transform2D x="-150.19425232469123" y="-8621.647456310739" scale="49.85284292968542" rotation="0"/></localToWorld><styleClasses><array><token value="title"/></array></styleClasses><text><text><width>425.2933841165296</width><p align="center"><span><![CDATA[Hung Yang Soft. Tech. Co. Ltd.]]></span></p><p align="center"><span color="16744448"><![CDATA[餐飲管理系統]]></span></p></text></text></zText><zText><id><string value="7_204333831"/></id><localToWorld><transform2D x="13398.090982909947" y="-10081.077931144471" scale="20.335881249324704" rotation="0"/></localToWorld><styleClasses><array><token value="subtitle"/></array></styleClasses><text><text><width>220.4993900181616</width><p align="center"><span><![CDATA[EEIT85 第四組]]></span></p></text></text></zText><zText><id><string value="8_204333831"/></id><localToWorld><transform2D x="13329.254740550883" y="-9032.626506915849" scale="15.147676129097494" rotation="0"/></localToWorld><styleClasses><array><token value="title"/></array></styleClasses><text><text><width>156.49098026986283</width><p><span><![CDATA[   LULU餐廳]]></span></p><p><span><![CDATA[餐飲管理系統]]></span></p></text></text></zText><zBracketFrame><height><double value="600"/></height><id><string value="9_204333831"/></id><localToWorld><transform2D x="-20925.81436298955" y="861.004224935" scale="7.917659379086208" rotation="0"/></localToWorld><styleClasses><array><token value="bracket"/></array></styleClasses><width><double value="797.6366322008862"/></width></zBracketFrame><zText><id><string value="10_204333831"/></id><localToWorld><transform2D x="-21693.272679850576" y="-692.4861848049185" scale="12.939326483553316" rotation="0"/></localToWorld><styleClasses><array><token value="subtitle"/></array></styleClasses><text><text><width>220.4993900181616</width><p align="center"><span><![CDATA[緣起]]></span></p></text></text></zText><zText><id><string value="11_204333831"/></id><localToWorld><transform2D x="-20880.863605320046" y="1137.5076227849167" scale="7.8353732288005515" rotation="0"/></localToWorld><styleClasses><array><token value="subtitle"/></array></styleClasses><text><text><width>650.8247552515343</width><p><span color="3355443"><![CDATA[因應現代人忙錄的生活，在外飲食早已是一個必然的趨勢，有時三五好友的聚餐、親人的聚會、又或同事下班後的聯誼，都可以在熱鬧而又溫馨的餐廳裡度過，就算是生活中的小確幸。透過這套管理系統，除了能提供給顧客精緻又美味的菜單外，又能協助經營團隊有效率地完成日常管理，並能從詳細的數據庫中，找出餐廳成長的機會，從而提高餐廳的營運效率。我們相信，這套系統所帶給顧客的，不只是餐廳本身所提供味蕾上的享受而已，同時也能讓顧客感受到既快又有效率的用餐品質，進而達成餐廳與顧客雙贏的局面。]]></span></p><p/></text></text></zText><zCircleFrame><height><double value="800"/></height><id><string value="12_204333831"/></id><localToWorld><transform2D x="14562.847242647907" y="-6227.306582379886" scale="3.3721212480894955" rotation="0"/></localToWorld><styleClasses><array><token value="circle"/></array></styleClasses><width><double value="800"/></width></zCircleFrame><zImage><assetSourceFilename><string value="子豪大頭貼.jpg"/></assetSourceFilename><height><double value="1800"/></height><id><string value="2_204333831"/></id><localToWorld><transform2D x="14473.769775474948" y="-6907.239032815193" scale="0.5536009197009691" rotation="0"/></localToWorld><mask><rectangle x="0" y="370" w="1182" h="1430"/></mask><onlineAssetId><string value="4579963846"/></onlineAssetId><onlineAssetUrl><string value="http://0103.static.prezi.com.s3.amazonaws.com/media/a/9/4/355f66c34bcea1b30c1d461a0f1db008dc6fb.jpg"/></onlineAssetUrl><width><double value="1200"/></width></zImage><zImage><assetSourceFilename><string value="598935.jpg"/></assetSourceFilename><height><double value="146"/></height><id><string value="4_204333831"/></id><localToWorld><transform2D x="14692.226424870458" y="-5493.443955094988" scale="4.925170844900664" rotation="0"/></localToWorld><onlineAssetId><string value="4579965959"/></onlineAssetId><onlineAssetUrl><string value="http://0103.static.prezi.com.s3.amazonaws.com/media/e/f/e/5df1124f9d81727cd6d6bab2ffe13cb69e67b.jpg"/></onlineAssetUrl><width><double value="120"/></width></zImage><zText><id><string value="14_204333831"/></id><localToWorld><transform2D x="14854.85248570569" y="-6080.387910490504" scale="6.824924377789475" rotation="0"/></localToWorld><styleClasses><array><token value="subtitle"/></array></styleClasses><text><text><width>406.8745041119613</width><p><span color="3355443"><![CDATA[王子豪 : 負責場地,訂位管理,結帳系統]]></span></p><p/><p><span color="3355443"><![CDATA[黃聖德 : 負責場地,訂位管理,結帳系統]]></span></p><p/></text></text></zText><zInvisibleFrame><height><double value="151.52161407751262"/></height><id><string value="130_204333831"/></id><localToWorld><transform2D x="236.19741332046266" y="9467.895510648488" scale="57.769532566539496" rotation="0"/></localToWorld><styleClasses><array><token value="invisible"/></array></styleClasses><width><double value="848.0745168738067"/></width></zInvisibleFrame><zCircleFrame><height><double value="785.2332763670129"/></height><id><string value="131_204333831"/></id><localToWorld><transform2D x="-9157.213188596748" y="9608.08869559166" scale="10.684752730663769" rotation="0"/></localToWorld><styleClasses><array><token value="circle"/></array></styleClasses><width><double value="785.2332763670129"/></width></zCircleFrame><zArrow><id><string value="132_204333831"/></id><localToWorld><transform2D x="-14395.312721195185" y="9606.004150822695" scale="27.25970876092619" rotation="0"/></localToWorld><startEndDistance><double value="68.16925937099785"/></startEndDistance><styleClasses><array><token value="line1"/></array></styleClasses></zArrow><zCircleFrame><height><double value="800"/></height><id><string value="133_204333831"/></id><localToWorld><transform2D x="-19389.939335112973" y="9482.233149888338" scale="10.44833288900509" rotation="0"/></localToWorld><styleClasses><array><token value="circle"/></array></styleClasses><width><double value="800"/></width></zCircleFrame><zArrow><id><string value="134_204333831"/></id><localToWorld><transform2D x="-4074.2949010229686" y="9851.778726871024" scale="28.446721123516898" rotation="0"/></localToWorld><startEndDistance><double value="61.32799789114388"/></startEndDistance><styleClasses><array><token value="line1"/></array></styleClasses></zArrow><zCircleFrame><height><double value="800"/></height><id><string value="135_204333831"/></id><localToWorld><transform2D x="13180.88548844088" y="9606.227149772756" scale="9.617599935769418" rotation="0"/></localToWorld><styleClasses><array><token value="circle"/></array></styleClasses><width><double value="800"/></width></zCircleFrame><zArrow><id><string value="136_204333831"/></id><localToWorld><transform2D x="17977.784693029007" y="9749.513827991412" scale="28.46534209295556" rotation="0"/></localToWorld><startEndDistance><double value="61.32799789114388"/></startEndDistance><styleClasses><array><token value="line1"/></array></styleClasses></zArrow><zImage><assetSourceFilename><string value="pp.png"/></assetSourceFilename><height><double value="1031"/></height><id><string value="158_204333831"/></id><localToWorld><transform2D x="-9122.89716806642" y="9607.309779410256" scale="4.980482730180868" rotation="0"/></localToWorld><onlineAssetId><string value="4577987769"/></onlineAssetId><onlineAssetUrl><string value="http://0103.static.prezi.com.s3.amazonaws.com/media/0/f/a/5d0a00635f365eaeada342cddc7893381e587.png"/></onlineAssetUrl><width><double value="1159"/></width></zImage><zImage><assetSourceFilename><string value="TABLE.png"/></assetSourceFilename><height><double value="715"/></height><id><string value="22_204333831"/></id><localToWorld><transform2D x="1942.7080947363554" y="9399.754534598422" scale="6.305043842376026" rotation="0"/></localToWorld><onlineAssetId><string value="4579917958"/></onlineAssetId><onlineAssetUrl><string value="http://0103.static.prezi.com.s3.amazonaws.com/media/f/b/d/a643b0c0833c8ac58d73b370c8cbcfaa021bb.png"/></onlineAssetUrl><width><double value="1262"/></width></zImage><zText><id><string value="137_204333831"/></id><localToWorld><transform2D x="-9015.744112793649" y="6475.992626504394" scale="23.55531460065155" rotation="0"/></localToWorld><styleClasses><array><token value="subtitle"/></array></styleClasses><text><text><width>220.4993900181616</width><p align="center"><span><![CDATA[Use Case Diagram]]></span></p></text></text></zText><zImage><assetSourceFilename><string value="ajax.png"/></assetSourceFilename><height><double value="540"/></height><id><string value="161_204333831"/></id><localToWorld><transform2D x="13747.285155348929" y="7671.902646485718" scale="1.8424412503801972" rotation="0"/></localToWorld><onlineAssetId><string value="4577995384"/></onlineAssetId><onlineAssetUrl><string value="http://0103.static.prezi.com.s3.amazonaws.com/media/d/1/5/5177e43ebaaabff8cbfb1abcdabae5100bffa.png"/></onlineAssetUrl><width><double value="750"/></width></zImage><zImage><assetSourceFilename><string value="all.png"/></assetSourceFilename><height><double value="661"/></height><id><string value="160_204333831"/></id><localToWorld><transform2D x="11569.593630659218" y="7995.490050557587" scale="2.0215928767703484" rotation="0"/></localToWorld><onlineAssetId><string value="4577995035"/></onlineAssetId><onlineAssetUrl><string value="http://0103.static.prezi.com.s3.amazonaws.com/media/a/a/8/d46fcfb93f4b4dd0d13a1ce4926b907c33079.png"/></onlineAssetUrl><width><double value="958"/></width></zImage><zText><id><string value="139_204333831"/></id><localToWorld><transform2D x="13496.059746555273" y="6688.904478700462" scale="21.33687608154793" rotation="0"/></localToWorld><styleClasses><array><token value="subtitle"/></array></styleClasses><text><text><width>220.4993900181616</width><p align="center"><span><![CDATA[技術規格]]></span></p></text></text></zText><zImage><assetSourceFilename><string value="pd.png"/></assetSourceFilename><height><double value="509"/></height><id><string value="159_204333831"/></id><localToWorld><transform2D x="-19316.49455656231" y="9434.268875188696" scale="7.13583526037067" rotation="0"/></localToWorld><onlineAssetId><string value="4577993366"/></onlineAssetId><onlineAssetUrl><string value="http://0103.static.prezi.com.s3.amazonaws.com/media/e/d/d/8272e137bc9a7643d3784454af6bb5579d564.png"/></onlineAssetUrl><width><double value="922"/></width></zImage><zText><id><string value="141_204333831"/></id><localToWorld><transform2D x="-19488.35317275892" y="6426.87100539729" scale="23.034109862602314" rotation="0"/></localToWorld><styleClasses><array><token value="subtitle"/></array></styleClasses><text><text><width>220.4993900181616</width><p align="center"><span><![CDATA[功能架構]]></span></p></text></text></zText><zCircleFrame><height><double value="800"/></height><id><string value="143_204333831"/></id><localToWorld><transform2D x="21532.373908637495" y="9607.832207562044" scale="6.132791701661072" rotation="0"/></localToWorld><styleClasses><array><token value="circle"/></array></styleClasses><width><double value="800"/></width></zCircleFrame><zText><id><string value="144_204333831"/></id><localToWorld><transform2D x="21703.10608654581" y="9456.065206158351" scale="42.877818491712354" rotation="0"/></localToWorld><styleClasses><array><token value="title"/></array></styleClasses><text><text><width>-66.5625</width><p><span><![CDATA[Demo]]></span></p></text></text></zText><zImage><assetSourceFilename><string value="Java_logo.png"/></assetSourceFilename><height><double value="259"/></height><id><string value="162_204333831"/></id><localToWorld><transform2D x="10734.879131040088" y="9748.878272746484" scale="7.47755123990014" rotation="0"/></localToWorld><onlineAssetId><string value="4577995442"/></onlineAssetId><onlineAssetUrl><string value="http://0103.static.prezi.com.s3.amazonaws.com/media/1/b/f/33b68879f5d719513e5c932a7b21d152ad53a.png"/></onlineAssetUrl><width><double value="259"/></width></zImage><zImage><assetSourceFilename><string value="hibernate.png"/></assetSourceFilename><height><double value="400"/></height><id><string value="163_204333831"/></id><localToWorld><transform2D x="13116.693514072458" y="8807.996123383506" scale="2.487295688013268" rotation="0"/></localToWorld><onlineAssetId><string value="4577995495"/></onlineAssetId><onlineAssetUrl><string value="http://0103.static.prezi.com.s3.amazonaws.com/media/3/5/e/702b2cda0e98db23512cc8b264a5341ced106.png"/></onlineAssetUrl><width><double value="400"/></width></zImage><zImage><assetSourceFilename><string value="bootstrap.png"/></assetSourceFilename><height><double value="180"/></height><id><string value="164_204333831"/></id><localToWorld><transform2D x="15296.976597582028" y="7672.127806563036" scale="3.7669133766263445" rotation="0"/></localToWorld><onlineAssetId><string value="4577995549"/></onlineAssetId><onlineAssetUrl><string value="http://0103.static.prezi.com.s3.amazonaws.com/media/1/b/5/f8a208bbf346110ebae0fad3d6adfd6cb6b03.png"/></onlineAssetUrl><width><double value="390"/></width></zImage><zImage><assetSourceFilename><string value="1462430899-1362126627.png"/></assetSourceFilename><height><double value="151"/></height><id><string value="165_204333831"/></id><localToWorld><transform2D x="12538.445092010432" y="10114.758170849507" scale="5.169866693602669" rotation="0"/></localToWorld><onlineAssetId><string value="4578002601"/></onlineAssetId><onlineAssetUrl><string value="http://0103.static.prezi.com.s3.amazonaws.com/media/a/e/b/c5d43d49b2854ea3848a7a743e15ba9316419.png"/></onlineAssetUrl><width><double value="258"/></width></zImage><zImage><assetSourceFilename><string value="tomcat.png"/></assetSourceFilename><height><double value="165"/></height><id><string value="166_204333831"/></id><localToWorld><transform2D x="13116.301021567315" y="11321.531035394572" scale="6.643975835676791" rotation="0"/></localToWorld><onlineAssetId><string value="4578002683"/></onlineAssetId><onlineAssetUrl><string value="http://0103.static.prezi.com.s3.amazonaws.com/media/5/6/b/b123600c0a8d03a51fdf7abd39a55fc7e6385.png"/></onlineAssetUrl><width><double value="166"/></width></zImage><zImage><assetSourceFilename><string value="github.png"/></assetSourceFilename><height><double value="183"/></height><id><string value="168_204333831"/></id><localToWorld><transform2D x="15111.850495530245" y="8808.005767642137" scale="5.342168629075747" rotation="0"/></localToWorld><onlineAssetId><string value="4578004740"/></onlineAssetId><onlineAssetUrl><string value="http://0103.static.prezi.com.s3.amazonaws.com/media/c/b/b/ffb8c25a680dd69040d224e1adeafe071b444.png"/></onlineAssetUrl><width><double value="275"/></width></zImage><zImage><assetSourceFilename><string value="maven-logo-black-on-white.png"/></assetSourceFilename><height><double value="86"/></height><id><string value="169_204333831"/></id><localToWorld><transform2D x="11279.991391297383" y="11321.531035394572" scale="6.587596063518819" rotation="0"/></localToWorld><onlineAssetId><string value="4578004784"/></onlineAssetId><onlineAssetUrl><string value="http://0103.static.prezi.com.s3.amazonaws.com/media/a/8/a/a45cf24f2e8ebb57318eb48082be67b4a0c1a.png"/></onlineAssetUrl><width><double value="340"/></width></zImage><zImage><assetSourceFilename><string value="restful-web-services.png"/></assetSourceFilename><height><double value="349"/></height><id><string value="170_204333831"/></id><localToWorld><transform2D x="15111.687806917715" y="9934.409025323552" scale="2.236819113851017" rotation="0"/></localToWorld><onlineAssetId><string value="4578004881"/></onlineAssetId><onlineAssetUrl><string value="http://0103.static.prezi.com.s3.amazonaws.com/media/f/0/9/6f97f34e737ca9e4e57650dba41bd7fe223bd.png"/></onlineAssetUrl><width><double value="709"/></width></zImage><zText><id><string value="171_204333831"/></id><localToWorld><transform2D x="-21292.0115265548" y="-12924.28659362672" scale="43.836682400778564" rotation="0"/></localToWorld><styleClasses><array><token value="subtitle"/></array></styleClasses><text><text><width>-160.10399999999998</width><p><span color="16744448"><![CDATA[EEIT85 第四組]]></span></p></text></text></zText><zBracketFrame><height><double value="600"/></height><id><string value="172_204333831"/></id><localToWorld><transform2D x="17955.222238102302" y="161.55020893452092" scale="7.973977211438438" rotation="0"/></localToWorld><styleClasses><array><token value="bracket"/></array></styleClasses><width><double value="797.6366322008862"/></width></zBracketFrame><zText><id><string value="173_204333831"/></id><localToWorld><transform2D x="16559.017564699487" y="-1562.1017569842263" scale="17.874956403157892" rotation="0"/></localToWorld><styleClasses><array><token value="subtitle"/></array></styleClasses><text><text><width>220.4993900181616</width><p align="center"><span><![CDATA[特別感謝]]></span></p></text></text></zText><zImage><assetSourceFilename><string value="546507_372363326165575_211371761_n.jpg"/></assetSourceFilename><height><double value="693"/></height><id><string value="5_204333831"/></id><localToWorld><transform2D x="15828.034437527807" y="-9245.501678351435" scale="0.9442369662346758" rotation="0"/></localToWorld><onlineAssetId><string value="4578126860"/></onlineAssetId><onlineAssetUrl><string value="http://0103.static.prezi.com.s3.amazonaws.com/media/b/9/c/06895993b11c54a634b9ad7b684f725e4753c.jpg"/></onlineAssetUrl><width><double value="693"/></width></zImage><zImage><assetSourceFilename><string value="sqlserver.png"/></assetSourceFilename><height><double value="383"/></height><id><string value="16_204333831"/></id><localToWorld><transform2D x="13142.195979751028" y="12465.8004390267" scale="2.8804004021558707" rotation="0"/></localToWorld><onlineAssetId><string value="4579504620"/></onlineAssetId><onlineAssetUrl><string value="http://0103.static.prezi.com.s3.amazonaws.com/media/7/a/0/68e00d03ce2258fb6f527f9180d6dc58d6504.png"/></onlineAssetUrl><width><double value="466"/></width></zImage><zInvisibleFrame><height><double value="687.1054553535038"/></height><id><string value="17_204333831"/></id><localToWorld><transform2D x="1842.9002855331219" y="9294.660646627677" scale="10.885558981897757" rotation="0"/></localToWorld><styleClasses><array><token value="invisible"/></array></styleClasses><width><double value="970.3806325968771"/></width></zInvisibleFrame><zCircleFrame><height><double value="800"/></height><id><string value="18_204333831"/></id><localToWorld><transform2D x="1942.7080947363554" y="9399.597877224442" scale="12.48355120962584" rotation="0"/></localToWorld><styleClasses><array><token value="circle"/></array></styleClasses><width><double value="800"/></width></zCircleFrame><zArrow><id><string value="19_204333831"/></id><localToWorld><transform2D x="8126.185831937611" y="9749.090226143007" scale="33.226267499220214" rotation="0"/></localToWorld><startEndDistance><double value="61.32799789114388"/></startEndDistance><styleClasses><array><token value="line1"/></array></styleClasses></zArrow><zText><id><string value="20_204333831"/></id><localToWorld><transform2D x="1840.5152677761898" y="6403.316723342298" scale="27.520896691617963" rotation="0"/></localToWorld><styleClasses><array><token value="subtitle"/></array></styleClasses><text><text><width>220.4993900181616</width><p align="center"><span><![CDATA[Data Model]]></span></p></text></text></zText><zImage><assetSourceFilename><string value="teacher1.png"/></assetSourceFilename><height><double value="320"/></height><id><string value="21_204333831"/></id><localToWorld><transform2D x="17958.26140891923" y="270.4416276158462" scale="7.025691889877146" rotation="0"/></localToWorld><onlineAssetId><string value="4579956837"/></onlineAssetId><onlineAssetUrl><string value="http://0103.static.prezi.com.s3.amazonaws.com/media/1/c/0/4df373a1f38fe670d0a4781900edf15b88beb.png"/></onlineAssetUrl><width><double value="819"/></width></zImage><zImage><assetSourceFilename><string value="multipart_request_android.png"/></assetSourceFilename><height><double value="305"/></height><id><string value="3_204333831"/></id><localToWorld><transform2D x="15111.709671848002" y="11052.758981001716" scale="2.7666944490296537" rotation="0"/></localToWorld><onlineAssetId><string value="4579965068"/></onlineAssetId><onlineAssetUrl><string value="http://0103.static.prezi.com.s3.amazonaws.com/media/b/2/5/eb0b5dea9e7e6b976e520ea8f5a4acc4badd8.png"/></onlineAssetUrl><width><double value="700"/></width></zImage><zCircleFrame><height><double value="800"/></height><id><string value="0_204963981"/></id><localToWorld><transform2D x="-25278.05" y="11930.25" scale="2.2643834591491605" rotation="0"/></localToWorld><styleClasses><array><token value="circle"/></array></styleClasses><width><double value="800"/></width></zCircleFrame></array></zObjects></prezi>